timestamp,ip_address,event_type,port
02:15,192.168.1.1,failed_login,22
08:03,192.168.1.1,failed_login,22
08:05,192.168.1.1,port_scan,80
23:47,192.168.1.2,failed_login,22
08:09,192.168.1.1,failed_login,22
08:11,192.168.1.3,success,443
08:13,192.168.1.1,failed_login,22
03:22,192.168.1.2,port_scan,443
08:17,192.168.1.1,failed_login,22
08:19,192.168.1.4,failed_login,22
08:21,192.168.1.1,failed_login,22
08:23,192.168.1.2,success,443
08:25,192.168.1.5,port_scan,80
08:27,192.168.1.1,failed_login,22
22:14,192.168.1.3,failed_login,22
08:31,192.168.1.1,failed_login,22
08:33,192.168.1.2,failed_login,22
08:35,192.168.1.1,port_scan,80
08:37,192.168.1.6,success,443
08:39,192.168.1.1,failed_login,22
01:58,192.168.1.2,failed_login,22
08:43,192.168.1.1,failed_login,22
08:45,192.168.1.3,failed_login,22
08:47,192.168.1.1,port_scan,80
08:49,192.168.1.2,failed_login,22
08:51,192.168.1.1,failed_login,22
08:53,192.168.1.7,port_scan,443
08:55,192.168.1.1,failed_login,22
08:57,192.168.1.2,failed_login,22
08:59,192.168.1.1,success,443
09:01,192.168.1.3,failed_login,22
09:03,192.168.1.1,failed_login,22
09:05,192.168.1.2,port_scan,80
09:07,192.168.1.1,failed_login,22
09:09,192.168.1.4,failed_login,22
09:11,192.168.1.1,failed_login,22
09:13,192.168.1.2,success,443
09:15,192.168.1.1,failed_login,22
09:17,192.168.1.5,port_scan,80
09:19,192.168.1.1,failed_login,22
09:21,192.168.1.2,failed_login,22
09:23,192.168.1.1,failed_login,22
09:25,192.168.1.3,failed_login,22
09:27,192.168.1.1,port_scan,443
09:29,192.168.1.2,failed_login,22
09:31,192.168.1.1,failed_login,22
09:33,192.168.1.6,success,443
09:35,192.168.1.1,failed_login,22
09:37,192.168.1.2,failed_login,22
23:58,192.168.1.1,port_scan,80
